orderID,address,subject_city_province_zip,municipality_district,structure_type,style,construction,basement,exterior_finish,foundation_walls,flooring,plumbing_lines,heating,fuel_type,water_heater,cooling,condition,roofing,windows,unit_measurement,site_dimensions,lot_size_sf,year_built,effective_age,remaining_economic_life,basement_area,room_count,num_beds,room_total,main_lvl_area,second_lvl_area,third_lvl_area,gla,num_baths,effective_date,property_class,full_address,normalized_address,calculated_latitude,calculated_longitude
4762597,142-950 Oakview Ave Kingston ON K7M 6W8,"""Twin Oak Meadows""",Kingston,Townhouse,2 Storey,Wood Frame,Full/Finished,"Brick Veneer, Vinyl Siding",Concrete,"Hardwood, carpet, laminate, ceramic","Copper, PEX, ABS",Forced Air,Natural Gas,40 Gallon - Gas,Central Air,Average,Asphalt Shingle,Vinyl,SqFt,Condo Common Property,3251.5,1976.0,25.0,50.0,522.0,6.0,3.0,6.0,522.0,522.0,300.0,1044.0,1.5,2025-04-11T00:00:00.000000,Basic,142-950 Oakview Ave Kingston ON K7M 6W8,"Oakview Avenue, Bayridge, Kingston, Eastern Ontario, Ontario, K7M 5K8, Canada",44.2484783,-76.589595
4762739,7180 207 HWY Halifax NS B0J2L0,"West Chezzetcook, NS B0J2L0",Halifax Regional Municipality - West Chezzetcook,Detached,1.5 Storey,Log,Full/Finished,Log,Poured Concrete,Carpet,"Copper, PEX, ABS",Radiant,Electric,80 +/- gl Electric,Ductless mini split,Average,Asphalt Shingle,Wood,SqFt,See Schedule A and or Plot Map,3251.5,2011.0,10.0,50.0,1060.0,6.0,3.0,6.0,1060.0,440.0,300.0,1500.0,2.5,2025-04-17T00:00:00.000000,Basic,7180 207 HWY Halifax NS B0J2L0,"7180, Highway 207, Kada Estates, West Chezzetcook, Halifax Regional Municipality, Halifax County, Nova Scotia, B0J 2L0, Canada",44.7169945,-63.2585445
4763065,11 PAUL AVE Ayr ON N0B1E0,Ayr ON N0B1E0,"Township of North Dumfries, Region of Waterloo",Detached,2 Storey,Wood,Full/Part Finished,Brick/Siding,Concrete,Laminate,"Copper, PEX, ABS",Forced Air,Natural Gas,Natural Gas,Central Air,Average,Asphalt/Fiberglass Shingle,PVC,SqFt,131' x 154',20174.0,1983.0,15.0,65.0,1660.0,9.0,4.0,9.0,1660.0,1340.0,300.0,3000.0,2.5,2025-05-01T00:00:00.000000,Standard,11 PAUL AVE Ayr ON N0B1E0,11 PAUL AVE Ayr ON N0B1E0,,
4763086,102 Stonewalk Dr Kemptville ON K0G 1J0,Kemptville ON K0G 1J0,"North Grenville, Ontario",Detached,Bungalow,Wood,Full/Finished,Brick Veneer/Vinyl Siding,Poured concrete,Hardwood,"Copper, PEX, ABS",Forced Air,Natural Gas,Natural Gas,Central Air,Good,Asphalt/Fiberglass Shingle,Vinyl,Acres,176.38 F x Irregular,1.25,2012.0,10.0,60.0,1283.0,5.0,2.0,5.0,1045.37,770.0,300.0,1283.0,3.0,2025-04-15T00:00:00.000000,Standard,102 Stonewalk Dr Kemptville ON K0G 1J0,102 Stonewalk Dr Kemptville ON K0G 1J0,,
4763087,407 105 Dunbrack St Halifax NS B3M3G7,Halifax NS B3M3G7,Halifax Regional Municipality - Halifax,Condominium,1 Storey,Steel,None,Brick,Concrete,Engineered Hardwood,"Copper, PEX, ABS",HWBB,Oil,Integrated with boiler,None,Average,Tar & Gravel,PVC,N/A,CONDO - N/A,3251.5,1978.0,15.0,55.0,853.5,6.0,3.0,6.0,1530.0,770.0,300.0,1530.0,2.0,2025-04-17T00:00:00.000000,Standard,407 105 Dunbrack St Halifax NS B3M3G7,"Dunbrack Street, Fairview Estates, Halifax, Halifax Regional Municipality, Halifax County, Nova Scotia, B3M 3G7, Canada",44.6546602,-63.6515114
4764094,40 Bellroyal Crt Cole Harbour NS B2V 2B4,Cole Harbour NS B2V 2B4,"Halifax Regional Municipality - Cole Harbour, Dartmouth",Detached,4 Level Split,Wood,Part/FullFin'd+Crawl,"Brick, Siding",Poured Concrete,Carpet,"Copper, PEX, ABS",Electric Baseboard,Electric,Electric,None,Average,Asphalt Shingle,Vinyl,SqFt,See Schedule A and or Plot Map,6825.0,1985.0,12.0,48.0,728.0,7.0,3.0,7.0,1074.0,672.0,300.0,1746.0,2.5,2025-04-16T00:00:00.000000,Standard,40 Bellroyal Crt Cole Harbour NS B2V 2B4,"40, Bellroyal Court, Colby Village, Cole Harbour, Halifax Regional Municipality, Halifax County, Nova Scotia, B2V 2B4, Canada",44.663613,-63.4799425
4764103,10 Crofton Rd Toronto ON M4G2B4,Toronto ON M4G2B4,"City of Toronto, Region of Leaside (C11)",Semi Detached,2 Storey,Concrete,Finished-wet bar,Brick Veneer/Vinyl Siding,Concrete,Hardwood,PEX/PVC,Forced Air,Natural Gas,Natural Gas,Central Air,Average,Asphalt/Fiberglass Shingle,PVC,SqFt,26.36' x 140.17',3694.0,1941.0,15.0,45.0,722.0,6.0,2.0,6.0,722.0,880.0,300.0,1602.0,3.0,2025-04-16T00:00:00.000000,Standard,10 Crofton Rd Toronto ON M4G2B4,"10, Crofton Road, Leaside-Bennington, Don Valley West, East York, Toronto, Golden Horseshoe, Ontario, M4G 3W2, Canada",43.7092323,-79.3674049
4761696,11 Bermondsey Way Stittsville ON K2S2Y7,Stittsville ON K2S2Y7,"Stittsville, City of Ottawa",Townhouse,2 Storey,Wood,Full/Unfinished,"brick, siding",poured concrete,"hardwood, ceramic, carpet","Copper, PEX, ABS",Forced Air,Natural Gas,Tankless/Instant,Central Air,Good,asphalt shingle,PVC,SqFt,42' x 84',3358.0,2021.0,2.0,78.0,853.5,7.0,3.0,7.0,1045.37,770.0,300.0,1751.0,2.5,2025-04-14T00:00:00.000000,Standard,11 Bermondsey Way Stittsville ON K2S2Y7,"11, Bermondsey Way, Connections in Kanata, Stittsville, Ottawa, Eastern Ontario, Ontario, K2V 1E2, Canada",45.2870918,-75.9360666
4762154,306 11 SPRINGVALE AVE Halifax NS B3N0A3,Halifax NS B3N0A3,Halifax Regional Municipality - Halifax,Condominium,1 Storey,Concrete,None,"Brick/Stone, Stucco",Concrete,Hardwood,"Copper, PEX, ABS",Hot Water/Steam Boiler,Oil,Integrated with boiler,Ductless mini split,Good,Tar & Gravel,PVC,SqFt,CONDO - NOT APPLICABLE,3251.5,2006.0,10.0,50.0,853.5,6.0,2.0,6.0,1523.0,770.0,300.0,1523.0,2.0,2025-04-15T00:00:00.000000,Standard,306 11 SPRINGVALE AVE Halifax NS B3N0A3,"Springvale Avenue, Fairmount Ridge, Halifax, Halifax Regional Municipality, Halifax County, Nova Scotia, B3N 2A5, Canada",44.6460572,-63.6343911
4762330,229 SANDPIPER CRES Chestermere AB T1X0Y4,Chestermere AB T1X0Y4,"Chestermere, AB / Kinniburg",Detached,2 Storey,Wood,Full/Unfinished,Siding and Stone,Concrete,Hardwood,"Copper, PEX, ABS",Forced Air,Natural Gas,Natural Gas,Central Air,Good,Asphalt Shingle,Vinyl,SqM,14.30 m x 38.40 m,549.0,2019.0,6.0,59.0,1135.0,10.0,4.0,10.0,1135.0,1321.0,300.0,2456.0,2.5,2025-04-14T00:00:00.000000,Standard,229 SANDPIPER CRES Chestermere AB T1X0Y4,"Sandpiper Crescent, Kinniburgh South, Chestermere, Alberta, T1X 1L8, Canada",51.0161717,-113.8116477
4762406,164 Redmonds Rd Seabright NS B3Z3C4,Seabright NS B3Z3C4,Halifax Regional Municipality - Seabright,Detached,1.5 Storey,Wood,Full/Part Finished,Siding,Poured Concrete,Laminate,"Copper, PEX, ABS",2 ducted heat pumps and Radiant,Electric,Electric,Heat Pump,Excellent,Metal,"Vinyl, Wood",SqFt,See Schedule A and or Plot Map,42495.0,2024.0,1.0,59.0,2137.0,9.0,5.0,10.0,2371.63,960.91,300.0,3332.54,2.5,2025-04-17T00:00:00.000000,Luxury,164 Redmonds Rd Seabright NS B3Z3C4,"164, Redmonds Road, Seabright, Halifax Regional Municipality, Halifax County, Nova Scotia, B3Z 3C4, Canada",44.5962171,-63.9268032
4761220,11 Bashir St Maple ON L6A3A3,Maple ON L6A3A3,"Region of York, City of Vaughan",Semi Detached,2 Storey,Wood,Finished-illegal apartment,Brick Veneer/Vinyl Siding,Concrete,Hardwood,Copper,Forced Air,Natural Gas,Natural Gas,Central Air,Average,Asphalt/Fiberglass Shingle,PVC,SqFt,24.96' x 104.92',2619.0,2000.0,20.0,40.0,809.0,7.0,3.0,7.0,809.0,716.0,300.0,1525.0,3.5,2025-04-14T00:00:00.000000,Standard,11 Bashir St Maple ON L6A3A3,11 Bashir St Maple ON L6A3A3,,
4761433,1368 Shore Dr Bedford NS B4A2E8,Bedford NS B4A2E8,Halifax Regional Municipality - Bedford,Detached,1 Storey,Wood,Full/Finished,Wood,Poured Concrete,Ceramic,"Copper, PEX, ABS",Geothermal,Ground Source,Electric,Heat Pump,Average,Asphalt Shingle,Wood,SqFt,Unknown,26700.0,1982.0,15.0,45.0,853.5,9.0,4.0,10.0,2740.0,155.0,300.0,2895.0,3.0,2025-04-15T00:00:00.000000,Standard,1368 Shore Dr Bedford NS B4A2E8,"1368, Shore Drive, Admiral's Cove, Bedford, Halifax Regional Municipality, Halifax County, Nova Scotia, B4A 2C6, Canada",44.7166644,-63.6577322
4761446,5004 Fox Run Pl Kingston ON K7P0E4,Kingston ON K7P0E4,Kingston,Detached,Bungalow,Wood Frame,Full/Unfinished,"Brick Veneer, Vinyl Siding",Poured Concrete,"Hardwood, ceramic, laminate, carpet, vinyl","Copper, PEX, ABS",Forced Air,Natural Gas,40 Gallon - Gas,Central Air,Average,Asphalt Shingle,Vinyl,SqFt,61.29' x Irregular,5663.0,2010.0,5.0,60.0,1678.0,7.0,3.0,7.0,1678.0,770.0,300.0,1678.0,2.0,2025-04-10T00:00:00.000000,Standard,5004 Fox Run Pl Kingston ON K7P0E4,"5004, Fox Run Place, Kingston, Eastern Ontario, Ontario, K7P 2V9, Canada",44.2618193,-76.6077123
4759647,201 Halfway Lake Dr Hammonds Plains NS B4B1M8,Hammonds Plains NS B4B1M8,Halifax Regional Municipality - Hammonds Plains,Detached,2 Storey,Wood,Full/Finished,Hardboard/Fibre cement,Poured Concrete,Vinyl Plank,"Copper, PEX, ABS","Baseboard, Some Infloor",Electric,Electric,None,Good,Asphalt Shingle,Combination,SqFt,See Schedule A and or Plot Map,3251.5,1982.0,12.0,48.0,819.0,8.0,4.0,9.0,950.0,1314.0,300.0,2264.0,2.5,2025-04-10T00:00:00.000000,Standard,201 Halfway Lake Dr Hammonds Plains NS B4B1M8,"201, Halfway Lake Drive, Beaver Lake Park, Glen Arbour, Hammonds Plains, Halifax Regional Municipality, Halifax County, Nova Scotia, B4B 1M8, Canada",44.7431105,-63.7880969
4759723,5 Golflinks Dr Ottawa ON K2J 4X9,Ottawa ON K2J 4X9,"Stonebridge, City of Ottawa",Detached,2 strorey,Wood,Full/Finished,"Stone, siding",poured concrete,"hardwood, ceramic, carpet",PEX/PVC,Forced Air,Natural Gas,Natural Gas,Central Air,Good,Asphalt/Fiberglass Shingle,Vinyl,SqFt,50.00 x 119.75,5987.0,2002.0,10.0,60.0,853.5,8.0,3.0,9.0,1045.37,770.0,300.0,2530.0,3.5,2025-04-09T00:00:00.000000,Premium,5 Golflinks Dr Ottawa ON K2J 4X9,"5, Golflinks Drive, Barrhaven West, Nepean, Ottawa, Eastern Ontario, Ontario, K2C 3H2, Canada",45.256889,-75.7274706
4760530,3435 Vandorf Siderd Stouffville ON L4A4H5,Stouffville ON L4A4H5,"Region of York, Town of Whitchurch-Stouffville",Detached,Bungalow Raised,Wood/Concrete,Full Finished/Walkout,Brick Veneer/Vinyl Siding,Concrete,Hardwood,Copper/PVC,Geothermal,Propane,Propane,Central Air,Average,Metal,PVC,Acres,325.95' x IRR,10.057,1968.0,15.0,45.0,2149.0,7.0,4.0,7.0,2149.0,770.0,300.0,2149.0,3.5,2025-04-14T00:00:00.000000,Standard,3435 Vandorf Siderd Stouffville ON L4A4H5,3435 Vandorf Siderd Stouffville ON L4A4H5,,
4760630,118 Colborne St Kingston ON K7K 1C9,Kingston ON K7K 1C9,Kingston,Townhouse,2.5 Storey,Wood,Cellar,"Brick Veneer, Vinyl Siding",Stone,"hardwood, laminate",ABS/Copper/Pex,Forced Air,Natural Gas,40 Gallon - Gas,Central Air,Average,Metal,Vinyl,SqFt,24.66 x 84.03,1742.0,1890.0,20.0,50.0,500.0,8.0,4.0,8.0,770.0,770.0,300.0,1840.0,1.0,2025-04-10T00:00:00.000000,Standard,118 Colborne St Kingston ON K7K 1C9,"118, Colborne Street, University District, Kingston, Eastern Ontario, Ontario, K7K 3T1, Canada",44.2345335,-76.4915851
4760651,92 Armcrest Dr Lower Sackville NS B4C3Z9,Lower Sackville NS B4C3Z9,Halifax Regional Municipality - Lower Sackville,Detached,2 Storey,Wood,Full/Finished,Vinyl,Poured Concrete,Linoleum,"Copper, PEX, ABS",Electric Baseboard,Electric,Electric,Ductless mini split,Average,Metal,Vinyl,SqFt,See Schedule A and or Plot Map,3250.0,1993.0,10.0,50.0,677.0,6.0,3.0,6.0,677.0,677.0,300.0,1354.0,1.5,2025-04-15T00:00:00.000000,Basic,92 Armcrest Dr Lower Sackville NS B4C3Z9,"92, Armcrest Drive, Armcrest, Lower Sackville, Halifax Regional Municipality, Halifax County, Nova Scotia, B4C 3Z9, Canada",44.7897939,-63.6829521
4760900,1083 Cornerstone St NE Calgary AB T3N1G5,Calgary AB T3N1G5,"Calgary, AB / Cornerstone",Detached,2 Storey,Wood,Full/Finished,Vinyl,Concrete,Vinyl,"Copper, PEX, ABS",Forced Air,Natural Gas,Natural Gas,None,Good,Asphalt,Vinyl,SqM,13.25m x33.99m,377.0,2016.0,9.0,54.0,800.0,7.0,3.0,7.0,1045.37,770.0,300.0,1573.4,2.5,2025-04-10T00:00:00.000000,Standard,1083 Cornerstone St NE Calgary AB T3N1G5,"1083, Cornerstone Street NE, Cornerstone, Calgary, Alberta, T3N 1A8, Canada",51.1627851,-113.9427791
4742669,"504 37 St NW, Calgary, AB T2N 3B8, Canada","Calgary, Alberta, T2N 3B8","Calgary AB, Parkdale",Detached,Bungalow,Wood,Full/Finished,Stucco,Concrete,Hardwood,"Copper, PEX, ABS",Forced Air,Natural Gas,Conventional,None,Average,Asphalt/Fiberglass Shingle,PVC,SqM,See Plot Map,431.0,1952.0,25.0,40.0,71.0,4.0,2.0,4.0,78.0,770.0,300.0,78.0,2.5,2025-03-24T00:00:00.000000,Basic,"504 37 St NW, Calgary, AB T2N 3B8, Canada","37 Street NW, Varsity, Calgary, Alberta, T2L 2A1, Canada",51.0881897,-114.1413615
4752865,8915 20 Ave SW Edmonton AB T6X2C5,Edmonton AB T6X2C5,"Edmonton, AB - Summerside",Detached,2 Storey,Wood,Full/Unfinished,Vinyl/Stone,Concrete,"Engineered hardwood, tile, carpet",PVC/Copper,Forced Air,Natural Gas,Natural Gas,Central Air,Good,Asphalt/Fiberglass Shingle,PVC,SqM,605,605.0,2018.0,5.0,60.0,1285.0,8.0,4.0,8.0,1297.0,1677.0,300.0,2974.0,2.5,2025-04-07T00:00:00.000000,Premium,8915 20 Ave SW Edmonton AB T6X2C5,"20 Avenue SW, Rutherford, Heritage Valley, Edmonton, Alberta, T6W 2Y1, Canada",53.4140262,-113.5364638
4755196,531 Des Genévriers Rue Orléans ON K4A0Z2,Orléans ON K4A0Z2,"Avalon West, City of Ottawa",Detached,2 Storey,Wood,Full/Finished,"Brick, siding",Poured concrete,"Hardwood, carpet, tile","Copper, PEX, ABS",Forced Air,Natural Gas,Natural Gas,Central Air,Good,Asphalt shingle,Vinyl,SqFt,36.09 F x 99.74 F,3601.0,2016.0,7.0,63.0,853.5,8.0,4.0,8.0,1045.37,770.0,300.0,2956.0,3.5,2025-04-14T00:00:00.000000,Premium,531 Des Genévriers Rue Orléans ON K4A0Z2,"531, Genévriers Street, Avalon, Orléans, Orléans South-Navan, Ottawa, Eastern Ontario, Ontario, K4A 0Z3, Canada",45.4458808,-75.4826018
4756192,2306-530 3 St SE Calgary AB T2G 2L8,Calgary AB T2G 2L8,"Calgary, AB / East Village",High Rise Apartment,1 Storey,Concrete,No Basement,Concrete,Concrete,Ceramic,"Copper, PEX, ABS",Forced Air,Natural Gas,Common Property,Central Air,Good,Asphalt/Fiberglass Shingle,Aluminum Clad Vinyl,N/A,Common Property,3251.5,2024.0,1.0,64.0,853.5,5.0,2.0,5.0,1045.37,770.0,300.0,1109.0,2.5,2025-04-07T00:00:00.000000,Standard,2306-530 3 St SE Calgary AB T2G 2L8,2306-530 3 St SE Calgary AB T2G 2L8,,
4756320,405 Allard Blvd SW Edmonton AB T6W3T3,Edmonton AB T6W3T3,"Edmonton, AB - Allard",Detached,2 Storey,Wood,Full/Unfinished,Vinyl/Stone,Concrete,"Carpet, vinyl tile",PVC/Copper,Forced Air,Natural Gas,Natural Gas,None,Good,Asphalt/Fiberglass Shingle,PVC,SqM,330,330.0,2017.0,5.0,60.0,802.0,5.0,3.0,5.0,802.0,778.0,300.0,1580.0,2.5,2025-04-04T00:00:00.000000,Standard,405 Allard Blvd SW Edmonton AB T6W3T3,"Allard Boulevard SW, Allard, Heritage Valley, Edmonton, Alberta, T6W 0W8, Canada",53.3975371,-113.534038
4756829,340 Axis Way Ottawa ON K1W 0J9,Ottawa ON K1W 0J9,"Chapel Hill, City of Ottawa",Townhouse,2 Storey,Wood,Full/Finished,Brick/Siding,poured concrete,"hardwood, carpet, laminate, ceramic","Copper, PEX, ABS",Forced Air,Natural Gas,Natural Gas,Central Air,Good,Asphalt/Fiberglass Shingle,Vinyl,SqFt,20.34 x 91.86,1868.0,2016.0,5.0,65.0,853.5,6.0,3.0,6.0,1045.37,770.0,300.0,1587.0,3.5,2025-04-08T00:00:00.000000,Standard,340 Axis Way Ottawa ON K1W 0J9,"340, Axis Way, Chapel Hill South, Orléans, Orléans South-Navan, Ottawa, Eastern Ontario, Ontario, K1W 0P8, Canada",45.4388375,-75.510004
4757939,824 9A ST NE Calgary AB T2E4L6,Calgary AB T2E4L6,"Calgary AB, Renfrew",Detached,Bungalow,Wood,Full/Finished,Wood,Concrete,"hardwood, vinyl, tile, linoleum","Copper, PEX, ABS",Forced Air,Natural Gas,Conventional,None,Average,Asphalt,Wood,SqM,See Plot Map,626.0,1951.0,30.0,35.0,83.0,5.0,2.0,5.0,90.0,770.0,300.0,90.0,2.5,2025-04-07T00:00:00.000000,Basic,824 9A ST NE Calgary AB T2E4L6,"824, 9A Street NE, Renfrew, Calgary, Alberta, T2E 5H2, Canada",51.0594647,-114.0381741
4757966,218 88 ARBOUR LAKE RD NW Calgary AB T3G0C2,Calgary AB T3G0C2,"Calgary, AB / Arbour Lake",Low Rise Apartment,1 Storey,Wood,None,Stucco,Concrete,Carpet,"Copper, PEX, ABS",In-Floor,Natural Gas,Natural Gas,None,Good,Asphalt,Vinyl,N/A,Common Property,3251.5,2008.0,15.0,55.0,853.5,5.0,2.0,5.0,1039.0,770.0,300.0,1039.0,2.5,2025-04-07T00:00:00.000000,Standard,218 88 ARBOUR LAKE RD NW Calgary AB T3G0C2,"Arbour Lake Road NW, Arbour Lake, Calgary, Alberta, T3G 4H3, Canada",51.1340681,-114.2062524
4758025,2 Rockcliff Hts NW Calgary AB T3G0C7,Calgary AB T3G0C7,"Calgary AB, Rocky Ridge",Detached,2 Storey,Wood,Full/Finished,Stucco/Stone,Concrete,Hardwood,"Copper, PEX, ABS",Forced Air,Natural Gas,Tankless/Instant,None,Good,Asphalt/Fiberglass Shingle,PVC,SqM,19.55 x 39.58,761.0,2013.0,10.0,55.0,102.0,9.0,4.0,9.0,111.0,150.0,300.0,261.0,3.5,2025-04-16T00:00:00.000000,Standard,2 Rockcliff Hts NW Calgary AB T3G0C7,"Rockcliff Heights NW, Rocky Ridge, Calgary, Alberta, T3G 0C8, Canada",51.1514116,-114.2417114
4758316,"119 110 Auburn Meadows View SE Calgary, Alberta T3M 2M2","Calgary, AB, T3M 2M2","Calgary, AB / Auburn Bay",Condominium,one level,Wood,None,"Siding, Stone",poured concrete,vinyl plank,"Copper, PEX, ABS",Electric Baseboard,Baseboard,Tankless/Instant,None,Good,Asphalt/Fiberglass Shingle,Vinyl,SqFt,Condo Common Property,3251.5,2017.0,8.0,60.0,853.5,5.0,2.0,5.0,1045.37,770.0,300.0,789.0,2.0,2025-04-07T00:00:00.000000,Standard,"119 110 Auburn Meadows View SE Calgary, Alberta T3M 2M2","Auburn Meadows View SE, Auburn Bay, Calgary, Alberta, T3M 2S1, Canada",50.8927187,-113.9473847
4758324,3 Bayview Lane Queensland NS B0J1T0,Queensland NS B0J1T0,Queensland,Detached,1 Storey,Wood,Full/Part Finished,Siding,Poured Concrete,Ceramic,"Copper, PEX, ABS",Electric Baseboard,Electric,Electric,Ductless mini split,Average,Asphalt Shingle,Vinyl,SqFt,See Schedule A and or Plot Map,12600.0,2008.0,8.0,52.0,1094.0,6.0,3.0,6.0,1094.0,770.0,300.0,1094.0,2.0,2025-04-09T00:00:00.000000,Basic,3 Bayview Lane Queensland NS B0J1T0,"3, Bayview Lane, Queensland, Halifax Regional Municipality, Halifax County, Nova Scotia, B0J 1B0, Canada",44.6531435,-63.9963841
4758529,915 140 SIMCOE ST Toronto ON M5H4E9,Toronto ON M5H4E9,"City of Toronto, Region of Waterfront Communities (C01)",High Rise Apartment,1 Storey,concrete/steel,None,"concrete block, brick",concrete,Ceramic,"Copper, PEX, ABS",Forced Air,Natural Gas,Natural Gas,Central Air,Average,flat-tar/gravel,thermopane,SqFt,Condominium property-as per deed,3251.5,2004.0,15.0,35.0,853.5,6.0,2.0,6.0,1176.0,770.0,300.0,1176.0,2.0,2025-04-08T00:00:00.000000,Basic,915 140 SIMCOE ST Toronto ON M5H4E9,915 140 SIMCOE ST Toronto ON M5H4E9,,
4758615,"82 Morenz Terrace Ottawa, Ontario K2K 3H2","Ottawa, ON, K2K 3H2",City of Ottawa,Townhouse,Bungalow,Wood,Full/Finished,Brick Veneer/Vinyl Siding,Concrete,Hardwood,ABS,Forced Air,Natural Gas,Natural Gas,Central Air,Average,Asphalt/Fiberglass Shingle,PVC,SqFt,34' x 102',3253.0,2003.0,10.0,65.0,1050.0,5.0,1.0,5.0,1045.37,770.0,300.0,1334.0,2.5,2025-04-08T00:00:00.000000,Basic,"82 Morenz Terrace Ottawa, Ontario K2K 3H2","82, Morenz Terrace, Country Club Estates, Kanata, Kanata North, Ottawa, Eastern Ontario, Ontario, K2K 0J6, Canada",45.3162397,-75.9043691
4758672,23 Macfarlane St Lake Echo NS B3E1M5,Lake Echo NS B3E1M5,Halifax Regional Municipality - Lake Echo,Detached,2 Storey,Wood,Full/Finished,Siding,Poured Concrete,Ceramic,"Copper, PEX, ABS",Ducted heat pump & FHA Oil back up,Electric and Oil,Electric,Heat Pump,Average,Asphalt Shingle,Vinyl,SqFt,See Plot Map,33661.0,2004.0,12.0,48.0,1005.0,9.0,3.0,9.0,1005.0,1005.0,300.0,2010.0,2.5,2025-04-09T00:00:00.000000,Standard,23 Macfarlane St Lake Echo NS B3E1M5,"23, Macfarlane Street, Lake Echo, Halifax Regional Municipality, Halifax County, Nova Scotia, B3E 1M5, Canada",44.7351005,-63.3975385
4759024,5 Lewiston Rd NE Calgary AB T3P 2J3,Calgary AB T3P 2J3,"Calgary AB, Livingston",Detached,2 Storey,Wood,Full/Unfinished,Vinyl,Concrete,"vinyl, tile, carpet","Copper, PEX, ABS",Forced Air,Natural Gas,Conventional,None,Excellent,Asphalt,Vinyl,SqM,See Plot Map,458.0,1999.0,0.0,65.0,0.0,9.0,5.0,9.0,108.0,138.0,300.0,246.0,2.5,2025-04-07T00:00:00.000000,Premium,5 Lewiston Rd NE Calgary AB T3P 2J3,"Lewiston Road NE, Lewisburg, Calgary, Alberta, T3K 5V8, Canada",51.1877923,-114.0446561
4759088,70 Cliffview Lane Head of Jeddore NS B0J1P0,Head of Jeddore NS B0J1P0,Halifax Regional Municipality - Head of Jeddore,Detached,Bungalow Raised,Wood,Full/Finished,Vinyl,Concrete,Laminate,PEX/PVC,Electric Baseboard,Electric,Electric,Ductless mini split,Good,Asphalt/Fiberglass Shingle,PVC,SqFt,See Schedule A and or Plot Map,37374.0,2004.0,10.0,50.0,1232.0,6.0,3.0,6.0,1400.0,770.0,300.0,1400.0,2.0,2025-04-11T00:00:00.000000,Standard,70 Cliffview Lane Head of Jeddore NS B0J1P0,"70, Cliffview Lane, Head of Jeddore, Halifax Regional Municipality, Halifax County, Nova Scotia, B0J 1P0, Canada",44.7770739,-63.0434918
4759260,60 MILL LAKE RD Number 2 Simms Settlement NS B0J1T0,Simms Settlement NS B0J1T0,LUNENBURG COUNTY - SIMMS SETTLEMENT,Detached,1 Storey,Wood,Full/Unfinished,Siding,Poured Concrete,Linoleum,"Copper, PEX, ABS",HOT WATER BASEBOARD,Oil,Electric,Ductless mini split,Average,Asphalt Shingle,Vinyl,SqFt,See Schedule A and or Plot Map,15936.0,1972.0,14.0,46.0,864.0,5.0,3.0,5.0,864.0,770.0,300.0,864.0,1.0,2025-04-09T00:00:00.000000,Basic,60 MILL LAKE RD Number 2 Simms Settlement NS B0J1T0,60 MILL LAKE RD Number 2 Simms Settlement NS B0J1T0,,
4759498,40 Tierney Dr Nepean ON K2J 4T3,Nepean ON K2J 4T3,"Longfields, City of Ottawa",Detached,2 Storey,Wood,Full/Finished,"Brick, siding",Poured concrete,"hardwood, ceramic, carpet",OtherInput,Forced Air,Natural Gas,Natural Gas,Central Air,Average,Asphalt/Fiberglass Shingle,Vinyl,SqFt,36.09 Ft x 86.94 Ft,3137.0,2000.0,15.0,55.0,853.5,7.0,3.0,7.0,1045.37,770.0,300.0,1774.0,3.5,2025-04-08T00:00:00.000000,Standard,40 Tierney Dr Nepean ON K2J 4T3,"40, Tierney Drive, Longfields, Nepean, Ottawa, Eastern Ontario, Ontario, K2J 4G5, Canada",45.277352,-75.7220665
4759512,23 WALTON DR Halifax NS B3N1X6,Halifax NS B3N1X6,Halifax Regional Municipality - Halifax,Detached,1.5 Storey,Wood,Full/Unfinished,Siding,Poured Concrete,Hardwood,"Copper, PEX, ABS",Hot Water Radiators,Oil,Integrated with boiler,None,Average,Asphalt Shingle,"Vinyl, Wood",SqFt,See Schedule A and or Plot Map,6300.0,1951.0,10.0,50.0,853.5,7.0,3.0,7.0,1217.0,578.0,300.0,1795.0,1.5,2025-04-09T00:00:00.000000,Standard,23 WALTON DR Halifax NS B3N1X6,"23, Walton Drive, Fairmount Ridge, Halifax, Halifax Regional Municipality, Halifax County, Nova Scotia, B3N 1X6, Canada",44.6439597,-63.6292966
4759561,47 Pleasant St Dartmouth NS B2Y3P4,Dartmouth NS B2Y3P4,Dartmouth,Duplex,2 Storey,Wood,Full/Unfinished,Siding,Stone,Ceramic,"Copper, PEX, ABS",Radiators and baserboard,Natural Gas,Integrated with boiler,None,Good,Asphalt Shingle,Vinyl,SqFt,See Schedule A and or Plot Map,14375.0,1845.0,15.0,45.0,853.5,15.0,5.0,15.0,1968.0,1169.0,300.0,3137.0,4.0,2025-04-08T00:00:00.000000,Premium,47 Pleasant St Dartmouth NS B2Y3P4,"47, Pleasant Street, Hazelhurst, Downtown Dartmouth, Dartmouth, Halifax Regional Municipality, Halifax County, Nova Scotia, B2Y 3P4, Canada",44.6684226,-63.5593254
4759562,10 Heritage Hills Dr Eastern Passage NS B3G1N5,Eastern Passage NS B3G1N5,Eastern Passage,Semi Detached,2 Storey,Wood,None,Brick Veneer/Vinyl Siding,Concrete,Laminate,"Copper, PEX, ABS",Electric Baseboard,Electric,Electric,None,Average,Asphalt/Fiberglass Shingle,PVC,SqFt,See Schedule A and or Plot Map,3500.0,1995.0,14.0,46.0,853.5,6.0,3.0,6.0,566.0,566.0,300.0,1132.0,1.5,2025-04-08T00:00:00.000000,Basic,10 Heritage Hills Dr Eastern Passage NS B3G1N5,"10, Heritage Hills Drive, Heritage Hills, Eastern Passage, Halifax Regional Municipality, Halifax County, Nova Scotia, B3G 1N5, Canada",44.6132519,-63.4695965
4759604,283 OSBORNE ST Halifax NS B3N3H1,Halifax NS B3N3H1,Halifax Regional Municipality - Halifax,Detached,2 Storey,Wood,Full/Finished,Siding,Poured Concrete,Hardwood,"Copper, PEX, ABS",Hot Water/Steam Boiler,Oil,Electric,Ductless mini split,Average,Asphalt Shingle,"Wood, Vinyl",SqFt,See Plot Map,14232.0,2003.0,14.0,46.0,894.0,8.0,3.0,8.0,894.0,894.0,300.0,1788.0,1.5,2025-04-10T00:00:00.000000,Standard,283 OSBORNE ST Halifax NS B3N3H1,"283, Osborne Street, Halifax, Halifax Regional Municipality, Halifax County, Nova Scotia, B3N 3H1, Canada",44.6316713,-63.6282338
4759846,54 Kingston Cres Dartmouth NS B3A2M2,Dartmouth NS B3A2M2,Dartmouth,Detached,4 Level Split,Wood,Full/Finished,"Brick, Siding",Poured Concrete,Ceramic,"Copper, PEX, ABS",Hot Water Baseboard,Natural Gas,Integrated with boiler,Ductless mini split,Average,Asphalt Shingle,Vinyl,SqFt,See Schedule A and or Plot Map,6000.0,1976.0,10.0,50.0,1021.0,7.0,3.0,7.0,1021.0,616.0,300.0,1637.0,1.5,2025-04-14T00:00:00.000000,Standard,54 Kingston Cres Dartmouth NS B3A2M2,"54, Kingston Crescent, Crichton Park, Dartmouth, Halifax Regional Municipality, Halifax County, Nova Scotia, B3A 2M2, Canada",44.6842853,-63.5695828
4764028,2 Forsey St Ottawa ON K1N7X7,Ottawa ON K1N7X7,"Lower Town, City of Ottawa",Townhouse,3 Plus Stories,Wood,Full/Part Finished,Stucco,Poured concrete,Hardwood,"Copper, PEX, ABS",Forced Air,Natural Gas,Electric,Central Air,Average,Tar & Gravel,Vinyl,SqFt,13.18 F x Irregular,911.0,1990.0,20.0,60.0,853.5,8.0,3.0,9.0,1045.37,770.0,300.0,1822.0,2.5,2025-04-16T00:00:00.000000,Standard,2 Forsey St Ottawa ON K1N7X7,"Forsey Street, Lowertown, Rideau-Vanier, Ottawa, Eastern Ontario, Ontario, K1N 8R3, Canada",45.4356331,-75.6860384
4766326,1004 Connery Ave Ottawa ON K1G2P1,Ottawa ON K1G2P1,"Elmvale Acres, City of Ottawa",Detached,Bungalow,Wood,Full/Finished,"stone, siding",Concrete Block,"carpet, laminate, vinyl","Copper, PEX, ABS",Forced Air,Natural Gas,Electric,None,Average,asphalt shingle,Vinyl,SqFt,41.39 F x Irregular,8398.0,1961.0,30.0,40.0,1109.0,6.0,3.0,6.0,1109.0,770.0,300.0,1109.0,1.0,2025-04-23T00:00:00.000000,Basic,1004 Connery Ave Ottawa ON K1G2P1,"1004, Connery Avenue, Hawthorne Meadows, Alta Vista, Ottawa, Eastern Ontario, Ontario, K1G 1A9, Canada",45.3941865,-75.6233045
4766430,96 Forestside Cres Halifax NS B3M1M4,Halifax NS B3M1M4,Halifax Regional Municipality - Clayton Park,Condominium,2 Storey,Wood,Full/Part Finished,"Brick, Siding",Poured Concrete,Ceramic,"Copper, PEX, ABS",Heat Pump - Fully Ducted,Electric,Electric,Heat Pump,Average,"Tar & Gravel, Membrane",Vinyl,SqFt,Condo n/a,3251.5,1970.0,15.0,55.0,693.0,6.0,3.0,6.0,693.0,693.0,300.0,1386.0,1.5,2025-04-23T00:00:00.000000,Basic,96 Forestside Cres Halifax NS B3M1M4,"96, Forestside Crescent, Fairview Estates, Halifax, Halifax Regional Municipality, Halifax County, Nova Scotia, B3M 1M4, Canada",44.6582551,-63.6500763
4767066,1606-730 2 Ave SW Calgary AB T2P 1R8,Calgary AB T2P 1R8,"Calgary, AB / Eau Claire",High Rise Apartment,1 Storey,Concrete,No basement,Concrete / Metal,Concrete,Vinyl,"Copper, PEX, ABS",Forced Air,Natural Gas,Natural Gas,Central Air,Good,Tar/Gravel,Vinyl,N/A,Common Property,3251.5,2024.0,13.0,65.0,853.5,4.0,1.0,4.0,522.0,770.0,300.0,522.0,2.5,2025-04-21T00:00:00.000000,Standard,1606-730 2 Ave SW Calgary AB T2P 1R8,1606-730 2 Ave SW Calgary AB T2P 1R8,,
4768014,45 Clonfadda Terr Nepean ON K2J 6E9,Nepean ON K2J 6E9,"Half Moon Bay, City of Ottawa",Detached,2 Storey,Wood Frame,Full/Finished,"Brick veneer, vinyl siding",Poured Concrete,"hardwood, ceramic, carpet, vinyl plank","Copper, PEX, ABS",Forced Air,Natural Gas,Tankless/Instant,Central Air,Average,Asphalt/Fiberglass Shingle,Vinyl,SqFt,41.31' x Irr,3253.0,2017.0,5.0,65.0,853.5,6.0,3.0,6.0,1045.37,770.0,300.0,1607.0,3.5,2025-04-21T00:00:00.000000,Standard,45 Clonfadda Terr Nepean ON K2J 6E9,"45, Clonfadda Terrace, Barrhaven West, Nepean, Ottawa, Eastern Ontario, Ontario, K2J 6S4, Canada",45.2385046,-75.7331785
4768037,31 YOUNG ST Welland ON L3B4C5,Welland ON L3B4C5,"City of Welland, Regional Municipality of Niagara",Duplex,2 Storey,Wood frame,Part/Unfinished,"Stucco, Wood siding",Stone,"Laminate, Ceramic tile, Hardwood","Copper, PEX, ABS",Forced Air,Natural Gas,Natural Gas,Central Air,Average,Asphalt shingles,Vinyl / Aluminum,SqFt,47.5' x 135.83',6452.0,1910.0,30.0,40.0,1261.0,12.0,7.0,12.0,1494.0,1261.0,300.0,2755.0,2.0,2025-04-21T00:00:00.000000,Standard,31 YOUNG ST Welland ON L3B4C5,"31, Young Street, Welland, Niagara Region, Golden Horseshoe, Ontario, L3B 3J3, Canada",42.989383,-79.2496144
4763606,60 Keystone Trail Welland ON L3B0N8,Welland ON L3B0N8,"City of Welland, Regional Municipality of Niagara",Townhouse,2 Storey,Wood frame,Full/Unfinished,"Stucco, Brick, Stone",Poured concrete,Vinyl plank,"Copper, PEX, ABS",Forced Air,Natural Gas,Tankless/Instant,Central Air,Good,Asphalt shingles,Vinyl,SqFt,n/a condo,3251.5,2025.0,0.0,70.0,694.0,8.0,4.0,8.0,694.0,940.0,300.0,1634.0,2.5,2025-04-17T00:00:00.000000,Standard,60 Keystone Trail Welland ON L3B0N8,"Keystone Trail, Welland, Niagara Region, Golden Horseshoe, Ontario, L3B 3L1, Canada",42.9749936,-79.248946
4763898,70 Joffre St Dartmouth NS B2Y3C9,Dartmouth NS B2Y3C9,Halifax Regional Municipality - Dartmouth,Detached,1.5 Storey,Wood,Full/Unfinished,Vinyl/Aluminum,Concrete,Hardwood,"Copper, PEX, ABS",Forced Air,Oil,Oil Fired Hot Water Heater,Ductless mini split,Average,Asphalt Shingle,"Vinyl, Wood, Aluminum Clad Wood",SqFt,See Schedule A and or Plot Map,7541.0,1940.0,15.0,45.0,735.0,6.0,2.0,6.0,845.0,325.0,300.0,1170.0,1.5,2025-04-23T00:00:00.000000,Basic,70 Joffre St Dartmouth NS B2Y3C9,"70, Joffre Street, Wyndholme Estates, Grahams Grove, Dartmouth, Halifax Regional Municipality, Halifax County, Nova Scotia, B2Y 3C9, Canada",44.6707145,-63.5494922
4765154,844 Cataraqui Woods Dr Kingston ON K7P2P7,Kingston ON K7P2P7,Kingston,Detached,Split Level,Wood,Part / Finished,"Brick veneer, vinyl siding",Concrete,"Hardwood, ceramic, laminate","Copper, PEX, ABS",Forced Air,Natural Gas,Natural Gas,Central Air,Average,Asphalt Shingle,Vinyl,SqFt,101.7' x 68.9',7007.0,1989.0,15.0,60.0,536.0,7.0,3.0,7.0,1188.0,652.0,300.0,1840.0,2.5,2025-04-22T00:00:00.000000,Standard,844 Cataraqui Woods Dr Kingston ON K7P2P7,"844, Cataraqui Woods Drive, Cataraqui Woods, Kingston, Eastern Ontario, Ontario, K7P 2G6, Canada",44.2667037,-76.5838082
4765502,6997 Creek Line Pain Court ON N0P1Z0,Pain Court ON N0P1Z0,Chatham-Kent (Dover Township),Detached,1.5 Storey,Wood,Driveway,Vinyl/Aluminum,Concrete,Laminate,PVC and Pex (Not kitec),Forced Air,Natural Gas,Natural Gas,Central Air,Average,Asphalt/Fiberglass Shingle,PVC,SqFt,75 x irregular,10570.0,1885.0,30.0,70.0,853.5,7.0,4.0,8.0,1102.0,743.0,300.0,1845.0,1.5,2025-04-22T00:00:00.000000,Standard,6997 Creek Line Pain Court ON N0P1Z0,"6997, Creek Line, Pain Court, Chatham-Kent, Ontario, N0P 1Z0, Canada",42.3851987,-82.300008
4765899,1753 Reginald Bart Dr Kingston ON K7K0E9,Kingston ON K7K0E9,Pittsburgh Township,Detached,2 Storey,Wood Frame,Full/Finished,"Vinyl siding, Stone Veneer",Poured Concrete,"Hardwood, ceramic, carpet, laminate","Copper, PEX, ABS",Forced Air,Natural Gas,Tankless/Instant,Central Air,Average,Asphalt Shingle,Vinyl,SqFt,35.10' x 104.99',3685.0,2013.0,10.0,60.0,887.0,6.0,3.0,6.0,858.0,630.0,300.0,1488.0,3.5,2025-04-16T00:00:00.000000,Basic,1753 Reginald Bart Dr Kingston ON K7K0E9,"1753, Reginald Bart Drive, Greenwood Park West, Kingston, Eastern Ontario, Ontario, K7K 0E9, Canada",44.2754255,-76.445725
4765948,190 RIDEAU ST Kingston ON K7K3A3,Kingston ON K7K3A3,Kingston,Triplex,2 Storey,Wood Frame,Cellar,Brick Veneer,Stone,"Hardwood, ceramic, laminate, carpet","Copper, PEX, ABS",Radiant,Natural Gas,Natural Gas,None,Average,Asphalt Shingle,Vinyl,SqFt,52' x 132',6864.0,1900.0,30.0,60.0,960.0,12.0,3.0,12.0,1171.0,960.0,300.0,2131.0,3.5,2025-04-24T00:00:00.000000,Standard,190 RIDEAU ST Kingston ON K7K3A3,"190, Rideau Street, Kingston, Eastern Ontario, Ontario, K7K 1Z7, Canada",44.2386995,-76.4831748
4768126,194 Calvington Ave Ottawa ON K2T0H9,Ottawa ON K2T0H9,"Kanata Lakes, City of Ottawa",Townhouse,2 Storey,Wood,Full/Finished,Brick Veneer/Vinyl Siding,Poured concrete,Hardwood,"Copper, PEX, ABS",Forced Air,Natural Gas,Natural Gas,Central Air,Good,Asphalt/Fiberglass Shingle,Vinyl,SqFt,29.46 F x 98.42 F,2899.0,2016.0,5.0,65.0,853.5,6.0,3.0,6.0,1045.37,770.0,300.0,1504.0,2.5,2025-04-23T00:00:00.000000,Standard,194 Calvington Ave Ottawa ON K2T0H9,"194, Calvington Avenue, Arcadia, Kanata, Kanata North, Ottawa, Eastern Ontario, Ontario, K2T 0K5, Canada",45.3046009,-75.9339932
4768528,710 Montrichard Rd Orléans ON K4A5R3,Ottawa ON K4A5R3,"Notting Gate, City of Ottawa",Townhouse,2 Storey,Wood,Full/Finished,"Brick, Siding",Poured Concrete,Ceramic,"Copper, PEX, ABS",Forced Air,Natural Gas,Natural Gas,Central Air,Good,Asphalt Shingle,Vinyl,SqFt,33.27x Irr,2780.0,2025.0,13.0,70.0,700.0,7.0,4.0,7.0,1045.37,770.0,300.0,1643.0,2.5,2025-04-24T00:00:00.000000,Standard,710 Montrichard Rd Orléans ON K4A5R3,"710, Montrichard Road, Notting Gate, Orléans, Orléans South-Navan, Ottawa, Eastern Ontario, Ontario, K4A 0G4, Canada",45.4669099,-75.4548791
4769110,5551 Sentinal Sq Halifax NS B3K4A8,Halifax NS B3K4A8,Halifax,Condominium,2 Storey,Concrete Foundation & Floors,Full/Part Finished,Brick,Concrete,Laminate,"Copper, PEX, ABS",Electric Baseboard,Electric,Electric,None,Average,"Membrane, Asphalt Shingle",Vinyl,SqFt,Condominium Property,3251.5,1974.0,15.0,55.0,382.0,6.0,3.0,6.0,580.0,656.0,300.0,1236.0,2.0,2025-04-29T00:00:00.000000,Basic,5551 Sentinal Sq Halifax NS B3K4A8,"5551, Sentinal Square, Convoy Place, Halifax, Halifax Regional Municipality, Halifax County, Nova Scotia, B3K 4A8, Canada",44.6722053,-63.6147419
4769269,84339 Kent Line Brussels ON N0G1H0,Brussels ON N0G1H0,"Township of Huron East, Region of Huron Perth",Detached,Bungalow,Wood,Full/Finished,Vinyl,Concrete,Carpet,"Copper, PEX, ABS",Forced Air,Propane,Electric,Central Air,Average,Asphalt/Fiberglass Shingle,PVC,Acres,101.39' x 527',1.22,2022.0,3.0,77.0,1700.0,6.0,2.0,6.0,1700.0,770.0,300.0,1700.0,2.0,2025-04-23T00:00:00.000000,Standard,84339 Kent Line Brussels ON N0G1H0,84339 Kent Line Brussels ON N0G1H0,,
4770115,224 Blackhorse Dr Kemptville ON K0G 1J0,Kemptville ON K0G 1J0,"Kemptville, ON",Detached,Bungalow,Wood,Full/Finished,"stone, stucco, siding",Poured Concrete,"hardwood, ceramic",OtherInput,Forced Air,forced air gas,Natural Gas,Central Air,Good,Asphalt/Fiberglass Shingle,OtherInput,SqFt,72.7 x Irregular,7059.0,2021.0,4.0,66.0,1992.0,7.0,3.0,8.0,1992.0,770.0,300.0,1992.0,3.0,2025-04-30T00:00:00.000000,Standard,224 Blackhorse Dr Kemptville ON K0G 1J0,"Blackhorse Drive, Equinelle, Kemptville, North Grenville, Leeds and Grenville Counties, Eastern Ontario, Ontario, K0G 1J0, Canada",45.0351352,-75.6840057
4770310,174 South St Gananoque ON K7G1A2,Gananoque ON K7G1A2,Gananoque,Detached,2 Storey,Wood Frame,Cellar,Vinyl Siding,Stone,"Hardwood, ceramic","Copper, PEX, ABS",Forced Air,Natural Gas,Natural Gas,Central Air,Average,Asphalt Shingle,Vinyl,SqFt,54' x 120',6480.0,1900.0,20.0,60.0,952.0,8.0,3.0,8.0,1290.0,952.0,300.0,2242.0,2.5,2025-04-30T00:00:00.000000,Standard,174 South St Gananoque ON K7G1A2,"174, South Street, Gananoque, Eastern Ontario, Ontario, K7G 2A8, Canada",44.3263589,-76.1561143
4771097,401 540 Talbot Pl Gananoque ON K7G3C6,Gananoque ON K7G3C6,Gananoque,Condominium,1 Storey,Wood,Condo Common,Brick,Poured Concrete,Laminate,"Copper, PEX, ABS",Electric Baseboard,Electric,Electric,None,Average,Asphalt Shingle,Vinyl,SqFt,N/A Condominium,3251.5,1990.0,15.0,60.0,0.0,5.0,2.0,5.0,758.0,770.0,300.0,758.0,1.0,2025-04-25T00:00:00.000000,Basic,401 540 Talbot Pl Gananoque ON K7G3C6,401 540 Talbot Pl Gananoque ON K7G3C6,,
4771029,120 CASTLEGROVE RD NE Calgary AB T3J1T5,Calgary AB T3J1T5,"Calgary, AB / Castleridge",Detached,2 Storey,Wood,Full/Finished,Stucco,Poured Concrete,Carpet,"Copper, PEX, ABS",Forced Air,Natural Gas,Natural Gas,None,Good,Asphalt Shingle,Vinyl,SqM,13.72m x 29.87m,416.0,2015.0,10.0,55.0,1000.0,9.0,5.0,9.0,1045.37,770.0,300.0,2231.68,2.5,2025-04-28T00:00:00.000000,Standard,120 CASTLEGROVE RD NE Calgary AB T3J1T5,"Castlegrove Road NE, Castleridge, Calgary, Alberta, T3J 1P6, Canada",51.1070718,-113.9590685
4771641,53 Lucas Place NW Calgary AB T3P2E2,Calgary AB T3P2E2,"Calgary, AB / Livingston",Detached,3 Storey,Wood,Full/Unfinished,"Siding, Stone",Poured Concrete,Vinyl,"Copper, PEX, ABS",Forced Air,Natural Gas,Tankless/Instant,None,Good,Asphalt Shingle,Vinyl,SqM,7.72m x 33.0m,255.0,2024.0,1.0,64.0,850.0,8.0,4.0,8.0,1045.37,770.0,300.0,2115.0,3.5,2025-04-28T00:00:00.000000,Standard,53 Lucas Place NW Calgary AB T3P2E2,"53, Lucas Place NW, Livingston, Calgary, Alberta, T3P 2E3, Canada",51.1942175,-114.0784813
4772017,323 TARACOVE ESTATE DR NE Calgary AB T3J5A1,Calgary AB T3J5A1,"Calgary, AB / Taradale",Detached,Bi-Level,Wood,Full/Finished,Vinyl,Concrete,Vinyl,"Copper, PEX, ABS",Forced Air,Natural Gas,Natural Gas,None,Good,Asphalt,PVC,SqM,10.36m x 31.99m,332.0,2004.0,15.0,50.0,1000.0,6.0,3.0,6.0,1149.0,770.0,300.0,1149.0,2.5,2025-04-30T00:00:00.000000,Standard,323 TARACOVE ESTATE DR NE Calgary AB T3J5A1,"323, Taracove Estate Drive NE, Taradale, Calgary, Alberta, T3J 3E4, Canada",51.118092,-113.9387191
4772152,9449 Hidden Valley Dr NW Calgary AB T3A5T1,Calgary AB T3A5T1,"Calgary, AB / Hidden Valley",Detached,2 Storey,Wood,"Full, Walkout",Siding,Poured Concrete,"carpet, linoleum, hardwood, laminate, ceramic,","Copper, PEX, ABS",Forced Air,Natural Gas,50 US Gallons,Central Air,Good,Asphalt Shingle,Vinyl,SqM,11.71 m x 32.56 m,381.0,1998.0,15.0,50.0,543.0,8.0,3.0,8.0,579.0,793.0,300.0,1372.0,1.5,2025-04-25T00:00:00.000000,Standard,9449 Hidden Valley Dr NW Calgary AB T3A5T1,"Hidden Valley Drive NW, Hidden Valley, Calgary, Alberta, T3A 5G2, Canada",51.1463299,-114.1060526
4775892,84 Carleton Pl Brampton ON L6T3Z4,Brampton ON L6T3Z4,"Region of Peel, City of Brampton",Townhouse,2 Storey,Wood,Full/Finished,Brick Veneer/Vinyl Siding,Concrete,Hardwood,Copper,Forced Air,Natural Gas,Natural Gas,Central Air,Average,Asphalt/Fiberglass Shingle,PVC,SqFt,Condominium property-as per deed,3251.5,1975.0,20.0,40.0,567.0,6.0,3.0,6.0,567.0,611.0,300.0,1178.0,1.5,2025-04-30T00:00:00.000000,Basic,84 Carleton Pl Brampton ON L6T3Z4,"84, Carleton Place, Bramalea, Brampton, Peel Region, Golden Horseshoe, Ontario, L6T 4W2, Canada",43.7077825,-79.7231908
4776066,299 Everoak Dr SW Calgary AB T2Y0A5,Calgary AB T2Y0A5,"Calgary, AB / Evergreen",Detached,2 Storey,Wood,Full/Finished,"Stone, Stucco",Poured Concrete,"carpet, ceramic, hardwood,","Copper, PEX, ABS",Forced Air,Natural Gas,Natural Gas,Central Air,Excellent,Asphalt Shingle,Vinyl,SqM,9.7 m x 35.5 m,344.0,2007.0,10.0,55.0,1269.0,9.0,3.0,9.0,1269.0,934.0,300.0,2203.0,2.5,2025-04-30T00:00:00.000000,Premium,299 Everoak Dr SW Calgary AB T2Y0A5,"299, Everoak Drive SW, Evergreen, Calgary, Alberta, T2Y 4X5, Canada",50.9164559,-114.1144128
4773295,52 Pyle Rd Lowbanks ON N0A1K0,Lowbanks ON N0A1K0,"Community of Lowbanks, Regional Municipality of Haldimand",Detached,1 Storey,Wood frame,"Part basement, Crawlspace",Vinyl siding,Concrete,"Laminate, Linoleum",Copper/Abs,Forced Air,Natural Gas,Natural Gas,Central Air,Average,Asphalt shingles,Vinyl,SqFt,176.54 F x Irregular,0.5,1950.0,25.0,45.0,750.0,6.0,2.0,6.0,1675.0,770.0,300.0,1675.0,1.5,2025-05-02T00:00:00.000000,Standard,52 Pyle Rd Lowbanks ON N0A1K0,52 Pyle Rd Lowbanks ON N0A1K0,,
4775247,12 Mcdougall St NW Langdon AB T0J1X2,Langdon AB T0J1X2,"Langdon, AB",Detached,2 Storey,Wood,Full/Finished,"Stone, Siding",Poured Concrete,Vinyl,"Copper, PEX, ABS",Forced Air,Natural Gas,Natural Gas,Central Air,Good,Asphalt Shingle,Vinyl,SqM,18.70m x 50.0m,931.0,2003.0,15.0,50.0,800.0,7.0,3.0,7.0,1045.37,770.0,300.0,1952.0,2.5,2025-04-30T00:00:00.000000,Standard,12 Mcdougall St NW Langdon AB T0J1X2,12 Mcdougall St NW Langdon AB T0J1X2,,
4773534,44041 Hendershot Rd Lowbanks ON N0A1K0,Lowbanks ON N0A1K0,"Community of Lowbanks, Regional Municipality of Haldimand County",Detached,Split Level,Wood frame,Part/Full Finished,"Brick, Vinyl siding",Poured concrete,"Vinyl plank, Hardwood, Ceramic tile, Carpet","Copper, PEX, ABS","Forced air, Radiant in-floor heating",Natural Gas,Natural Gas,Central Air,Average,Rubber shingle,Vinyl,Acres,5 Acres,5.0,1988.0,25.0,45.0,1695.0,8.0,4.0,8.0,479.0,2294.0,300.0,2773.0,2.5,2025-05-02T00:00:00.000000,Standard,44041 Hendershot Rd Lowbanks ON N0A1K0,44041 Hendershot Rd Lowbanks ON N0A1K0,,
4773833,4315 CONCESSION RD 4 N/A S Amherstburg ON N9V2Y8,Amherstburg ON N9V2Y8,10 - 15 (Amherstburg - Malden Centre),Detached,2 Storey,Wood,Full/Unfinished,Stone,Concrete,Ceramic,Copper,Forced Air,Natural Gas,Hot Water Tank,Central Air,Fair,Asphalt/Fiberglass Shingle,PVC,SqFt,138 x 167,23046.0,1885.0,40.0,60.0,1152.0,9.0,4.0,10.0,1152.0,1152.0,300.0,2304.0,2.0,2025-04-30T00:00:00.000000,Basic,4315 CONCESSION RD 4 N/A S Amherstburg ON N9V2Y8,4315 CONCESSION RD 4 N/A S Amherstburg ON N9V2Y8,,
4776648,576 Chesham Pl Kingston ON K7M5T5,Kingston ON K7M5T5,Kingston,Detached,1 Storey,Wood Frame,Full/Finished,"Brick Veneer, Vinyl Siding",Poured Concrete,"Hardwood, laminate, ceramic, carpet","Copper, PEX, ABS",Forced Air,Natural Gas,Natural Gas,Central Air,Average,Asphalt Shingle,Vinyl,SqFt,60.51' x 142.74' - Irregular,10014.0,1972.0,15.0,60.0,1050.0,5.0,2.0,5.0,1050.0,770.0,300.0,1050.0,2.0,2025-05-01T00:00:00.000000,Basic,576 Chesham Pl Kingston ON K7M5T5,"576, Chesham Place, Bayridge, Kingston, Eastern Ontario, Ontario, K7M 4Y3, Canada",44.2396534,-76.5835389
4777578,260 Boulder Creek Cres Langdon AB T0J 1X3,Langdon AB T0J 1X3,"Langdon, AB / Boulder Creek",Detached,2 Storey,Concrete,Full Finished/Walkout,Vinyl siding and stone,Concrete,Hardwood,Mixed,Forced Air,Natural Gas,Natural Gas,Central Air,Good,Asphalt/Fiberglass Shingle,Vinyl,SqM,21.90 m x 40.08 m,878.0,2015.0,5.0,60.0,620.0,9.0,3.0,9.0,953.0,1108.0,300.0,2061.0,3.5,2025-05-01T00:00:00.000000,Standard,260 Boulder Creek Cres Langdon AB T0J 1X3,"Boulder Creek Crescent SE, Langdon, Rocky View County, Alberta, T0J 1X3, Canada",50.9635815,-113.6728756
4776534,29 Timberline Crt SW Calgary AB T3H6C8,Calgary AB T3H6C8,"Calgary, AB / Springbank Hill",Detached,2 Storey,Wood,Full Finished/Walkout,Brick / Composite,Concrete,Hardwood,"Copper, PEX, ABS",Forced Air,Natural Gas,Natural Gas,Central Air,Good,Asphalt,Vinyl,SqM,10.36m x 30.08m,699.0,2022.0,13.0,65.0,1500.0,8.0,3.0,8.0,1045.37,770.0,300.0,3543.1,3.5,2025-05-02T00:00:00.000000,Premium,29 Timberline Crt SW Calgary AB T3H6C8,"Timberline Court SW, Springbank Hill, Calgary, Alberta, T3H 5M1, Canada",51.0267523,-114.2092223
4776574,58 Copperleaf Terr SE Calgary AB T2Z0H9,Calgary AB T2Z0H9,City of Calgary/Copperfield,Detached,2 Storey,Wood,Full/Finished,Vinyl Siding,Concrete,"Carpet, tile and hardwood","Copper, PEX, ABS",Forced Air,Natural Gas,Natural Gas,None,Good,Asphalt Shingle,Vinyl,SqFt,15.03 m x 35.00 m,4768.0,2008.0,10.0,55.0,853.5,7.0,3.0,7.0,1060.0,1292.0,300.0,2352.0,3.5,2025-05-02T00:00:00.000000,Standard,58 Copperleaf Terr SE Calgary AB T2Z0H9,"58, Copperleaf Terrace SE, Copperfield, Calgary, Alberta, T2Z 0P1, Canada",50.9119987,-113.9302708
4777828,32 Hilborn St Grand Valley ON L9W6V1,Grand Valley ON L9W6V1,,Detached,2 Storey,Wood,Full/Unfinished,Brick Veneer/Vinyl Siding,Concrete,Hardwood,"Copper, PEX, ABS",Forced Air,Natural Gas,Natural Gas,Central Air,Good,Asphalt Shingle,Vinyl,,45.28 X 108.60,4919.0,1999.0,13.0,55.0,853.5,7.0,3.0,7.0,1045.37,770.0,300.0,2385.0,2.5,2025-05-01T00:00:00.000000,Standard,32 Hilborn St Grand Valley ON L9W6V1,"32, Hilborn Street, Grand Valley, Dufferin County, Central Ontario, Ontario, L9W 7P8, Canada",43.8984445,-80.3242604
4778535,1633 27 AVE SW Calgary AB T2T1G7,Calgary AB T2T1G7,"Calgary, AB  South Calgary",Fourplex,Bi-Level,Wood,Full/Finished,Brick / Stucco,Concrete,Vinyl plank,Mixed,Forced Air for each unit,Natural Gas,Water heater for each unit,None,Average,Asphalt/Fiberglass Shingle,Vinyl,SqM,15.23m x 38.07m,580.0,1971.0,30.0,35.0,186.0,12.0,8.0,12.0,1045.37,770.0,300.0,186.0,2.5,2025-05-06T00:00:00.000000,Basic,1633 27 AVE SW Calgary AB T2T1G7,"1633, 27 Avenue SW, South Calgary, Calgary, Alberta, T2T 1G7, Canada",51.0293297,-114.0991591
4778557,3666 Douglas Woods Hts SE Calgary AB T2Z2G4,Calgary AB T2Z2G4,City of Calgary/Douglasdale/Glen,Detached,Bungalow,Wood,Full/Finished,Vinyl Siding,Concrete,"Hardwood, tile, carpet, linoleum",Mixed,Forced Air,Natural Gas,Natural Gas,Central Air,Good,Asphalt Shingle,Vinyl,SqFt,44.0Ft x 131.0Ft,5791.0,1992.0,10.0,55.0,857.0,5.0,2.0,5.0,1290.0,770.0,300.0,1290.0,3.0,2025-05-06T00:00:00.000000,Standard,3666 Douglas Woods Hts SE Calgary AB T2Z2G4,"3666, Douglas Woods Heights SE, Douglasdale/Douglas Glen, Calgary, Alberta, T2Z 3Z1, Canada",50.9446184,-113.9846055
4779669,81 Eastforest Trail Kitchener ON N2N3M3,Kitchener ON N2N3M3,"City of Kitchener, Region of Waterloo",Detached,2 Storey,Wood,Full/Finished,Brick Veneer/Vinyl Siding,Concrete,Laminate,"Copper, PEX, ABS",Forced Air,Natural Gas,Natural Gas,Central Air,Average,Asphalt/Fiberglass Shingle,PVC,SqFt,31.53' x 115',3625.0,1999.0,8.0,72.0,621.0,6.0,3.0,6.0,621.0,830.0,300.0,1451.0,1.5,2025-05-06T00:00:00.000000,Basic,81 Eastforest Trail Kitchener ON N2N3M3,"81, Eastforest Trail, Highland West, Kitchener, Region of Waterloo, Southwestern Ontario, Ontario, N2N 2A1, Canada",43.4297647,-80.531873
4778791,603 223 PRINCESS ST Kingston ON K7L0G8,Kingston ON K7L0G8,City of Greater Kingston,Condominium,1 Storey,Concrete,n/a,Stone/Brick Veneer,Concrete,"Laminate, ceramic","Copper, PEX, ABS",Forced Air,Natural Gas,Natural Gas,Central Air,Good,Tar and Gravel,Vinyl,SqFt,Condo Common Property,3251.5,1999.0,1.0,70.0,0.0,5.0,2.0,5.0,678.0,770.0,300.0,678.0,2.0,2025-05-05T00:00:00.000000,Standard,603 223 PRINCESS ST Kingston ON K7L0G8,603 223 PRINCESS ST Kingston ON K7L0G8,,
4778794,501 223 PRINCESS ST Kingston ON K7L0G8,Kingston ON K7L0G8,City of Kingston,Condominium,1 Storey,Concrete,n/a,Stone/Brick Veneer,Concrete,"Laminate, ceramic","Copper, PEX, ABS",Forced Air,Natural Gas,Natural Gas,Central Air,Good,Tar and Gravel,Vinyl,SqFt,Condo Common Property,3251.5,1999.0,1.0,70.0,0.0,5.0,2.0,5.0,665.0,770.0,300.0,665.0,2.0,2025-05-05T00:00:00.000000,Standard,501 223 PRINCESS ST Kingston ON K7L0G8,501 223 PRINCESS ST Kingston ON K7L0G8,,
4778797,718 223 PRINCESS ST Kingston ON K7L0G8,Kingston ON K7L0G8,City of Greater Kingston,Condominium,1 Storey,Concrete,n/a,Stone/Brick Veneer,Concrete,"Laminate, ceramic","Copper, PEX, ABS",Forced Air,Natural Gas,Natural Gas,Central Air,Good,Tar and Gravel,Vinyl,SqFt,Condo Common Property,3251.5,1999.0,1.0,70.0,0.0,5.0,1.0,5.0,584.0,770.0,300.0,584.0,1.0,2025-05-05T00:00:00.000000,Standard,718 223 PRINCESS ST Kingston ON K7L0G8,718 223 PRINCESS ST Kingston ON K7L0G8,,
4778326,184 Sandpiper Cir NW Calgary AB T3K3P4,Calgary AB T3K3P4,"Calgary, AB / Sandstone Valley",Detached,4 Level Split,Wood,Full/Finished,Stucco,Concrete,Vinyl,"Copper, PEX, ABS",Forced Air,Natural Gas,Natural Gas,None,Good,Asphalt/Fiberglass Shingle,PVC,SqM,10.05m x 45.23m,759.0,1988.0,15.0,50.0,1000.0,7.0,3.0,7.0,1045.37,701.43,300.0,1746.79,2.5,2025-05-05T00:00:00.000000,Standard,184 Sandpiper Cir NW Calgary AB T3K3P4,"184, Sandpiper Circle NW, Sandstone Valley, Calgary, Alberta, T3K 3P4, Canada",51.1376866,-114.0986258
4758996,160 Marquis Pl SE Airdrie AB T4A1Y7,Airdrie AB T4A1Y7,"Airdrie, AB / Meadowbrook",Detached,4 Level Split,Wood,Part Finished/Walkout,Vinyl,Concrete,Linoleum,"Copper, PEX, ABS",Forced Air,Natural Gas,Natural Gas,None,Average,Asphalt,Vinyl,SqM,14.32m x 37.80m,541.0,1979.0,25.0,35.0,1000.0,6.0,3.0,6.0,1045.37,770.0,300.0,1144.0,1.5,2025-04-09T00:00:00.000000,Basic,160 Marquis Pl SE Airdrie AB T4A1Y7,"160, Marquis Place SE, Meadowbrook, Airdrie, Alberta, T4A 1Y7, Canada",51.2712575,-113.9884851
4775785,1841 Fisk Rd Odessa ON K0H2H0,Odessa ON K0H2H0,"Loyalist Township, County of Lennox and Addington",Detached,2 Storey,Wood Frame,Cellar,Vinyl Siding,Stone/Concrete Block,"Hardwood, vinyl, ceramic, laminate","Copper, PEX, ABS",Forced Air,Oil,Electric,Central Air,Average,Metal,Vinyl,Acres,830' x Irregular,10.0,1900.0,20.0,50.0,800.0,10.0,5.0,10.0,1517.0,621.0,300.0,2138.0,2.0,2025-04-30T00:00:00.000000,Standard,1841 Fisk Rd Odessa ON K0H2H0,1841 Fisk Rd Odessa ON K0H2H0,,
4775292,64232 COUNTY RD 3 East Garafraxa ON L9W7J4,East Garafraxa ON L9W7J4,"Township of East Garafraxa, County of Dufferin",Detached,Bungalow,Wood,Full/Unfinished,Brick,Concrete,"hardwood, ceramic, vinyl,","Copper, PEX, ABS","heat pump, electric, baseboard",Electric,Propane,Heat Pump,Average,Asphalt Shingle,Vinyl,Acres,223.32' x 1966.85',10.0,1977.0,15.0,65.0,1850.0,10.0,5.0,10.0,2250.0,770.0,300.0,2250.0,3.0,2025-05-02T00:00:00.000000,Standard,64232 COUNTY RD 3 East Garafraxa ON L9W7J4,64232 COUNTY RD 3 East Garafraxa ON L9W7J4,,
4723364,1050 John F. Scott Rd Kingston ON K7L4V3,Kingston ON K7L4V3,Kingston,Detached,2 Storey,Wood Frame,Cellar,Stucco,Stone,"Hardwood, laminate","Copper, PEX, ABS",Forced Air,Propane,Electric,Central Air,Average,Metal,Vinyl,Acres,1531.45' x Irregular,14.0,1920.0,40.0,40.0,627.0,7.0,3.0,7.0,627.0,627.0,300.0,1254.0,1.5,2025-02-13T00:00:00.000000,Basic,1050 John F. Scott Rd Kingston ON K7L4V3,"John F. Scott Road, Codes Corner, Kingston, Eastern Ontario, Ontario, K7L 4V3, Canada",44.2985645,-76.4176944
